id,nome,email,telefone,veiculo_id,apartamento_id,created_at,updated_at
34,Dr. Valentina Balestero Deverso,glozano@example.com,846751786307,15,1,2022-03-03 19:23:28.000,2022-03-03 19:23:28.000
3,Dr. Isabelly Zaragoça Galvão,rodrigo.delatorre@example.com,6809910889,10,2,2022-03-03 19:23:28.000,2022-03-03 19:23:28.000
6,Srta. Ana Naiara Velasques,duarte.alma@example.net,3525702479033,18,3,2022-03-03 19:23:28.000,2022-03-03 19:23:28.000
1,Luísa Deverso Vasques,colaco.natalia@example.net,8509373999503,24,4,2022-03-03 19:23:28.000,2022-03-03 19:23:28.000
8,Lucas Ronaldo Marques,galhardo.robson@example.net,97401197785,14,5,2022-03-03 19:23:28.000,2022-03-03 19:23:28.000
4,Dr. Ivan Salazar de Aguiar Filho,cristiana17@example.com,93144387982,22,6,2022-03-03 19:23:28.000,2022-03-03 19:23:28.000
16,Marco Perez Sobrinho,tbittencourt@example.net,628863820786,35,7,2022-03-03 19:23:28.000,2022-03-03 19:23:28.000
28,Sr. Jefferson Gil da Cruz,treis@example.com,247089162,21,8,2022-03-03 19:23:28.000,2022-03-03 19:23:28.000
36,Sra. Júlia Rodrigues,vsalgado@example.com,24165147674,27,9,2022-03-03 19:23:28.000,2022-03-03 19:23:28.000
17,Kevin Estrada Paes Jr.,isoares@example.org,26627298447,3,10,2022-03-03 19:23:28.000,2022-03-03 19:23:28.000
33,Sr. Luan Danilo Solano Sobrinho,mbittencourt@example.com,8505456799943,31,11,2022-03-03 19:23:28.000,2022-03-03 19:23:28.000
31,Dr. Martinho Danilo Ferreira,mrocha@example.org,96566954536,6,12,2022-03-03 19:23:28.000,2022-03-03 19:23:28.000
20,Dr. Emanuelly Aranda Azevedo Filho,zaragoca.natan@example.com,351260872481,33,13,2022-03-03 19:23:28.000,2022-03-03 19:23:28.000
15,Sra. Betina Galindo,liz98@example.com,22805589301,1,14,2022-03-03 19:23:28.000,2022-03-03 19:23:28.000
19,Dr. Hernani Wilson Souza Neto,diana15@example.net,97433131170,32,15,2022-03-03 19:23:28.000,2022-03-03 19:23:28.000
30,Giovane Feliciano Leon,cordeiro.perola@example.net,218947620714,4,16,2022-03-03 19:23:28.000,2022-03-03 19:23:28.000
21,Arthur Deverso Mendes Jr.,patricia86@example.org,38609825485,5,17,2022-03-03 19:23:28.000,2022-03-03 19:23:28.000
32,Sr. Miguel Cristian Tamoio Jr.,jeronimo48@example.net,852524059282,2,18,2022-03-03 19:23:28.000,2022-03-03 19:23:28.000
35,Sr. Tomás Uchoa Rios Jr.,kelly.marin@example.com,22373841060,34,19,2022-03-03 19:23:28.000,2022-03-03 19:23:28.000
11,Sra. Anita Reis Zaragoça Sobrinho,dacruz.wagner@example.com,4734446929,12,20,2022-03-03 19:23:28.000,2022-03-03 19:23:28.000
9,Srta. Larissa de Freitas,ofeliciano@example.org,93999370442,25,21,2022-03-03 19:23:28.000,2022-03-03 19:23:28.000
23,Dr. Mirela Tamoio Delvalle,jserra@example.net,3728660392667,8,22,2022-03-03 19:23:28.000,2022-03-03 19:23:28.000
5,Dr. Joaquim de Arruda Jr.,hernani71@example.org,68609175609,11,23,2022-03-03 19:23:28.000,2022-03-03 19:23:28.000
18,Abgail Fidalgo Neto,clara.santos@example.com,387205071053,26,24,2022-03-03 19:23:28.000,2022-03-03 19:23:28.000
27,Márcia Maia Esteves Jr.,rangel.julio@example.com,50474528742,36,25,2022-03-03 19:23:28.000,2022-03-03 19:23:28.000
2,Dr. Emílio Saito Sanches Neto,fabiana24@example.com,6853850861362,30,26,2022-03-03 19:23:28.000,2022-03-03 19:23:28.000
12,Tiago Ramos Valdez,fabricio.alves@example.net,2699957751,16,27,2022-03-03 19:23:28.000,2022-03-03 19:23:28.000
29,Sra. Gabi Lívia Aguiar Jr.,clara.meireles@example.net,22257909056,23,28,2022-03-03 19:23:28.000,2022-03-03 19:23:28.000
13,Felipe Duarte,kvale@example.net,6772799191,19,29,2022-03-03 19:23:28.000,2022-03-03 19:23:28.000
26,Dr. Joaquim Ramires Mascarenhas Sobrinho,aurora.saraiva@example.net,983377860960,9,30,2022-03-03 19:23:28.000,2022-03-03 19:23:28.000
25,Denis Sérgio Fernandes Neto,eric43@example.org,70419405902,13,31,2022-03-03 19:23:28.000,2022-03-03 19:23:28.000
22,Dr. Lucio André Fidalgo,quintana.adriel@example.net,817254987192,28,32,2022-03-03 19:23:28.000,2022-03-03 19:23:28.000
7,Marcos Dener Rocha,dalcantara@example.com,852880565307,17,33,2022-03-03 19:23:28.000,2022-03-03 19:23:28.000
24,Cristiano Leon,bsaito@example.org,50611565041,20,34,2022-03-03 19:23:28.000,2022-03-03 19:23:28.000
10,Heloísa de Freitas,vitoria69@example.org,38990699885,7,35,2022-03-03 19:23:28.000,2022-03-03 19:23:28.000
14,Sr. Lucio Serna Amaral Jr.,george45@example.org,55485375997,29,36,2022-03-03 19:23:28.000,2022-03-03 19:23:28.000
